"tumor_id","origin","is.common","is.known","is.outlier.one.class","is.outlier.two.class","mean.distance.rank","svm.prob","enet.prob","enetwt.prob","xgb.prob","gbm.prob","rf.prob","knn.prob","sda.prob","pam.prob","scrda.prob","mars.prob","ensglm.prob","ensavg.prob","overall.prob"
"NCIH1963","LUNG",TRUE,TRUE,TRUE,0.951923076923077,0.999999999999998,0.532261882344332,0.843920818206249,0.596622522163863,0.996576130390167,0.977658055505856,0.804,0.8,0.9031884,0.68655910024109,0.875356003106099,0.997244889406427,0.892756206398833,0.73720596181681,0.81871922842921
"MUTZ5","HAEMATOPOIETIC_AND_LYMPHOID_TISSUE",TRUE,TRUE,FALSE,0.8125,0.889423076923075,0.55959103477439,0.676922158381077,0.639530802265247,0.997142732143402,0.78564305049119,0.786,1,0.8708806,0.531756684051556,0.886100819957947,0.779274306962954,0.883510629467861,0.743897284910779,0.780019238723569
"MHHCALL2","HAEMATOPOIETIC_AND_LYMPHOID_TISSUE",TRUE,TRUE,TRUE,0.793269230769231,0.995192307692305,0.579269277207854,0.85803550931877,0.72350833296522,0.945310950279236,0.937453321065002,0.758,0.4,0.9653379,0.779500764506262,0.968945545079258,0.993115697775902,0.879480811258904,0.768738274095704,0.812053567965547
"NALM1","HAEMATOPOIETIC_AND_LYMPHOID_TISSUE",TRUE,TRUE,FALSE,0.706730769230769,0.903846153846152,0.490282567297727,0.566727516873221,0.588986861713992,0.936294376850128,0.729606827247395,0.814,1,0.7541032,0.516630972250001,0.721586432092191,0.780961458914792,0.87811598509649,0.675289666463306,0.727121989599942
"NALM19","HAEMATOPOIETIC_AND_LYMPHOID_TISSUE",TRUE,TRUE,FALSE,0.9375,0.94230769230769,0.540843123063429,0.719711243634306,0.661149567078805,0.997632384300232,0.751362844058236,0.758,1,0.9169375,0.584655979260382,0.932175310222034,0.736553310394795,0.876048870834384,0.743672811095154,0.786057149533981
"KASUMI6","HAEMATOPOIETIC_AND_LYMPHOID_TISSUE",TRUE,TRUE,FALSE,0.759615384615385,0.932692307692305,0.486918516556147,0.567012206773479,0.583323170295862,0.998846530914307,0.74596513099121,0.802,1,0.7534421,0.515881257144987,0.717530917077313,0.877138864789974,0.870805905949473,0.66881647787782,0.737513929105429
"NCIH146","LUNG",TRUE,TRUE,TRUE,0.754807692307692,0.980769230769228,0.443556117228614,0.645645037762081,0.536025620441033,0.439334034919739,0.542064620051837,0.744,0.6,0.752576,0.534457644060499,0.763590271931614,0.936988718069691,0.8447521435803,0.650382129720076,0.648720949058883
"LOUCY","HAEMATOPOIETIC_AND_LYMPHOID_TISSUE",TRUE,TRUE,FALSE,0.75,0.802884615384614,0.463848529167569,0.607242301149014,0.579642368299813,0.85659271478653,0.707192044151269,0.736,0.8,0.7683937,0.479005049733509,0.742149001637163,0.785532623025469,0.833549960495198,0.647332510268244,0.692806215593368
"COLO668","LUNG",TRUE,TRUE,FALSE,0.125,0.971153846153844,0.489656039961684,0.615456555589047,0.508881094516986,0.93996399641037,0.870031373705007,0.766,0.8,0.6840785,0.503363775651861,0.630158289396148,0.918199260412512,0.831236560689702,0.628604776452611,0.706586940214302
"NCIH2141","LUNG",TRUE,TRUE,FALSE,0.00480769230769231,0.740384615384614,0.35721435037554,0.592022795895258,0.502668478588438,0.975433349609375,0.6007049568666,0.592,0.4,0.7079079,0.396733692691463,0.719595675049703,0.504878065724897,0.7076551561636,0.556270008475081,0.585621879187689
"KG1","HAEMATOPOIETIC_AND_LYMPHOID_TISSUE",TRUE,TRUE,FALSE,0.668269230769231,0.764423076923075,0.362811838956626,0.559361650918814,0.559978063278321,0.996337056159973,0.680708864610489,0.596,1,0.7099634,0.43910372842241,0.670904141233279,0.659893994433826,0.696905570167305,0.543238660063302,0.651938997557257
"UT7","HAEMATOPOIETIC_AND_LYMPHOID_TISSUE",TRUE,TRUE,FALSE,0.870192307692308,0.831730769230767,0.291183568167629,0.456338653447515,0.512095012081637,0.869874536991119,0.532432026457627,0.604,0.8,0.5777589,0.435632306759972,0.511976134816875,0.660131570729881,0.66508465282937,0.469053234328168,0.568120045893061
"ME1","HAEMATOPOIETIC_AND_LYMPHOID_TISSUE",TRUE,TRUE,TRUE,0.774038461538462,0.990384615384613,0.344509399337689,0.702317455075544,0.677339462843403,0.506309628486633,0.677649017231467,0.502,0.2,0.8847981,0.68499531746206,0.880564972037786,0.881905852085079,0.657082958678745,0.575691457125158,0.628858740027966
"SUPB15","HAEMATOPOIETIC_AND_LYMPHOID_TISSUE",TRUE,TRUE,FALSE,0.822115384615385,0.769230769230768,0.355204681223373,0.525904622543003,0.564681997499498,0.917034685611725,0.886556244439685,0.542,0.6,0.6945583,0.451128185319054,0.676092457902386,0.79719322063682,0.636975050750221,0.524432379708586,0.628597063510335
"DMS153","LUNG",TRUE,TRUE,FALSE,0.788461538461538,0.865384615384613,0.457685925779208,0.700961255585346,0.557975944810722,0.956841349601746,0.848359005535774,0.508,0.8,0.8260282,0.415414765533913,0.825449328929867,0.451394378449513,0.632553763595164,0.597045084903025,0.659823769440329
"NCIH1618","LUNG",TRUE,TRUE,FALSE,0.221153846153846,0.913461538461536,0.368629967181736,0.652270306982265,0.507126476220226,0.838440597057343,0.529178049056956,0.486,0.6,0.746331,0.434217754689655,0.74873417370144,0.598555711986306,0.59058051238347,0.534454713627725,0.587270712529778
"NCIH1048","LUNG",TRUE,TRUE,FALSE,0.778846153846154,0.721153846153845,0.234068707126482,0.696761630118531,0.523119871304278,0.864346921443939,0.697063009999752,0.426,0.4,0.8012822,0.338293703811612,0.842518638707689,0.560704524891866,0.564174059488417,0.50086244861139,0.573015055038766
"CMK86","HAEMATOPOIETIC_AND_LYMPHOID_TISSUE",TRUE,TRUE,FALSE,0.947115384615385,0.937499999999998,0.255348352959359,0.454185145366238,0.518191595758907,0.822878181934357,0.326098229670912,0.524,0.6,0.5952958,0.462163131516952,0.465434262776468,0.0552551177015681,0.555108910557585,0.414927538578609,0.465298943601612
"CORL311","LUNG",TRUE,TRUE,FALSE,0.495192307692308,0.899038461538459,0.296553615661269,0.569167497815603,0.512579998852804,0.157801151275635,0.505091233876029,0.448,0.2,0.7060637,0.403331286059104,0.744292647297617,0.503221390837081,0.549823295230796,0.496282087652962,0.468631377273762
"MV411","HAEMATOPOIETIC_AND_LYMPHOID_TISSUE",TRUE,TRUE,FALSE,0.908653846153846,0.749999999999998,0.243651617879067,0.47002757635037,0.562789612981467,0.825030744075775,0.56454822586868,0.456,0.4,0.6696063,0.427274894806313,0.690733437192543,0.585151899907538,0.548219529971032,0.46346168502387,0.531268886465897
"DMS79","LUNG",TRUE,TRUE,FALSE,0.00961538461538462,0.576923076923076,0.370667618979916,0.541650719597622,0.494036422722999,0.29708930850029,0.426176059802318,0.444,0.4,0.6603809,0.35775988469862,0.690198560516996,0.466711822552803,0.515694393738709,0.501622059832304,0.474306750072506
"MEC2","HAEMATOPOIETIC_AND_LYMPHOID_TISSUE",TRUE,TRUE,FALSE,0.274038461538462,0.884615384615383,0.416606191066996,0.592634533434904,0.610186179036881,0.913031160831451,0.656701452046367,0.416,0.4,0.8054332,0.542785590163042,0.801197230905606,0.303600607410015,0.512593701570662,0.544601140657534,0.578105460547958
"CORL88","LUNG",TRUE,TRUE,FALSE,0.163461538461538,0.822115384615383,0.344413332484524,0.481068403080718,0.475440238816038,0.982237279415131,0.528642042761837,0.476,0.6,0.5771445,0.393185073421477,0.525581960605284,0.17367673843949,0.502328811498859,0.448665097696603,0.500644882939997
"NCIH1876","LUNG",TRUE,TRUE,FALSE,0.427884615384615,0.846153846153844,0.339570895236388,0.623212149506646,0.48940802588579,0.359318614006042,0.479845183965868,0.426,0.4,0.7065584,0.397880950554989,0.693425747808998,0.588357386336069,0.497487379779753,0.486332214348462,0.499030534417616
"TT2","Unknown",FALSE,FALSE,TRUE,0.975961538461538,0.874999999999998,0.185042828345097,0.637684746989149,0.511549167677187,0.562964081764221,0.331232616429558,0.382,0.2,0.6999725,0.31820121070236,0.785635868248341,0.279463456563002,0.493382452402461,0.450892898864479,0.449078602152758
"SHSY5Y","AUTONOMIC_GANGLIA",FALSE,TRUE,FALSE,0.259615384615385,0.658653846153845,0.167231827994078,0.379754155017361,0.440200190507422,0.960352599620819,0.334313981157605,0.468,0.6,0.4339583,0.288271683136832,0.447723084172552,0.598602069512916,0.487655499969352,0.36098497072221,0.459003720139319
"KOPN8","HAEMATOPOIETIC_AND_LYMPHOID_TISSUE",TRUE,TRUE,FALSE,0.701923076923077,0.77403846153846,0.343709232985933,0.437292407768494,0.558594016241977,0.0362130478024483,0.459586190642482,0.436,1,0.6237553,0.458406579599398,0.595480943601632,0.497498055794463,0.475143023561056,0.458396725529188,0.490775040271313
"DB","HAEMATOPOIETIC_AND_LYMPHOID_TISSUE",TRUE,TRUE,TRUE,0.985576923076923,0.975961538461536,0.18760556057332,0.392505731817564,0.554112788538919,0.318919390439987,0.611061952601024,0.404,0.2,0.654144,0.527251731210242,0.602542721794956,0.683466051889096,0.456681744183814,0.398049427456092,0.460795469269617
"CORL47","LUNG",TRUE,TRUE,FALSE,0.153846153846154,0.923076923076921,0.383789105138662,0.489542092123196,0.47810986713736,0.0705777779221535,0.596316408592789,0.45,0.4,0.5538881,0.408387622905251,0.501466404334838,0.481299433915752,0.454737339441693,0.4450851698245,0.439476870872015
"PCM6","HAEMATOPOIETIC_AND_LYMPHOID_TISSUE",TRUE,TRUE,TRUE,0.932692307692308,0.927884615384613,0.206909570677664,0.439148077592735,0.5820170335224,0.0762951299548149,0.408788288635237,0.326,0.6,0.7691863,0.49340965279821,0.813880464732873,0.455088561458657,0.427992431319259,0.448930011803512,0.465203501730412
"KPNRTBM1","AUTONOMIC_GANGLIA",FALSE,TRUE,FALSE,0.206730769230769,0.572115384615384,0.208291267640321,0.535906010447017,0.511405471630792,0.874058246612549,0.463347939518034,0.336,0.6,0.6739097,0.331415760788318,0.773752279157856,0.411153129222764,0.426601351775539,0.439347848932726,0.506553000440455
"KMS27","HAEMATOPOIETIC_AND_LYMPHOID_TISSUE",TRUE,TRUE,FALSE,0.735576923076923,0.677884615384614,0.239773821194692,0.457096034651813,0.556080826018494,0.73342102766037,0.470418830803197,0.344,0.4,0.6521957,0.404417703180361,0.628031039987027,0.385250217043803,0.382692438043196,0.40393495372724,0.465947122485399
"MEG01","HAEMATOPOIETIC_AND_LYMPHOID_TISSUE",TRUE,TRUE,FALSE,0.350961538461538,0.634615384615383,0.208297908199408,0.395292811975324,0.48585249545625,0.214349955320358,0.653805464167865,0.402,0.2,0.4998098,0.410180933154725,0.401978566621071,0.404170506730629,0.382097625346075,0.337425491606826,0.384250889121426
"BL41","HAEMATOPOIETIC_AND_LYMPHOID_TISSUE",TRUE,TRUE,FALSE,0.841346153846154,0.870192307692306,0.234636742032449,0.409922793401331,0.52264929538546,0.143894478678703,0.38732679726264,0.358,0.4,0.5828626,0.454292928178939,0.509355889651956,0.314738159348693,0.360931678027348,0.367330877228135,0.38814940301505
"COLO775","HAEMATOPOIETIC_AND_LYMPHOID_TISSUE",TRUE,TRUE,FALSE,0.596153846153846,0.860576923076921,0.24580314238474,0.572249366255521,0.588734473938606,0.169726476073265,0.213073177970877,0.274,0.2,0.7851946,0.499911040190755,0.77490296832574,0.109364086100254,0.345816969305705,0.43156870357016,0.400795769547356
"COLO704","OVARY",FALSE,TRUE,FALSE,0.807692307692308,0.812499999999998,0.154480006886291,0.473905002863787,0.45743552886505,0.305644780397415,0.419072994242879,0.358,0.2,0.4707216,0.293821004190714,0.40626014480431,0.503492783463645,0.337238155833959,0.3062467172302,0.360486055290635
"NCIH1436","LUNG",TRUE,TRUE,FALSE,0.115384615384615,0.624999999999999,0.205568229341861,0.523017944344605,0.457872118274949,0.218789264559746,0.187728184857829,0.294,0.2,0.5873107,0.303457790757693,0.591242902612167,0.384012887333778,0.315770265618724,0.363603710651343,0.356336461411746
"NCIH854","LUNG",TRUE,TRUE,FALSE,0.317307692307692,0.673076923076922,0.228324683570986,0.48531023838452,0.42358347411952,0.298900157213211,0.274329627950194,0.32,0.4,0.4821238,0.315959673433558,0.468938974382827,0.41272785431157,0.304957942393435,0.339087885984605,0.365711100903417
"HCC33","LUNG",TRUE,TRUE,FALSE,0,0.788461538461537,0.29113484165384,0.470775211708176,0.457830518242834,0.00173091155011207,0.373445719443656,0.32,0.4,0.5262459,0.383763788872235,0.467772142355346,0.198325607868901,0.297602108979742,0.359635661336395,0.34986633938548
"HCC1599","BREAST",TRUE,TRUE,TRUE,0.966346153846154,0.716346153846152,0.1310782889153,0.17731746412048,0.397970288520694,0.326527863740921,0.131566330750161,0.364,0.2,0.1756192,0.261578316682574,0.241813368522481,0.154062047493387,0.296078276229423,0.24563055247926,0.238710922881129
"SCLC21H","LUNG",TRUE,TRUE,FALSE,0.432692307692308,0.918269230769229,0.262657172479254,0.446663611183988,0.454709748259503,0.0938413217663765,0.258487369733135,0.338,0.2,0.5070939,0.375148830135032,0.384021077678888,0.104316188205644,0.295469031156096,0.328226083386047,0.311433410306459
"MDAMB134VI","BREAST",TRUE,TRUE,FALSE,0.942307692307692,0.754807692307691,0.153297474434385,0.224416607310448,0.431023828010774,0.631428897380829,0.250148997142521,0.348,0,0.238159,0.296729820947618,0.303149836896803,0.380908374770466,0.294427338176474,0.268149103777062,0.293833790680568
"GCIY","STOMACH",FALSE,TRUE,FALSE,0.639423076923077,0.475961538461538,0.126429317608176,0.206162853465298,0.343470132931658,0.769986569881439,0.281631491124526,0.386,0.6,0.1534795,0.197429042021191,0.137509125517778,0.142698247479276,0.289608540859858,0.216646147708652,0.296234689892142
"NCIH2227","LUNG",TRUE,TRUE,FALSE,0.235576923076923,0.60576923076923,0.204635975721085,0.310123372915067,0.387090360408886,0.401581853628159,0.343540474033497,0.362,0.2,0.2994349,0.286693460120692,0.247097033597675,0.219809922874788,0.2874226635529,0.271244336439587,0.293898027176333
"COV504","OVARY",FALSE,TRUE,FALSE,0.605769230769231,0.259615384615385,0.100241084714837,0.297700255206037,0.360570027431134,0.233049437403679,0.174461138064719,0.34,0.2,0.2385001,0.175659943292279,0.282910094688382,0.0790907893928775,0.285687606261667,0.241050393134407,0.231455451506925
"NH6","AUTONOMIC_GANGLIA",FALSE,TRUE,FALSE,0.0961538461538462,0.3125,0.148433592979651,0.464890456989165,0.466553087781079,0.726256191730499,0.317764243253819,0.244,0.4,0.5268473,0.27303010414347,0.609427633280487,0.340773291228739,0.273287548085436,0.333953742086713,0.394247476273774
"D341MED","CENTRAL_NERVOUS_SYSTEM",TRUE,TRUE,TRUE,0.5,0.956730769230767,0.185454266983534,0.143541488172957,0.430187783068185,0.0283980052918196,0.53526249727796,0.388,0.6,0.1300339,0.36732997762578,0.0853539073058705,0.319186572014455,0.270441963699759,0.219602724763135,0.284830237400266
"NCIH1836","LUNG",TRUE,TRUE,FALSE,0.475961538461538,0.499999999999999,0.152323324657829,0.312578690475012,0.435156513202423,0.16870091855526,0.296431687609366,0.288,0.2,0.4081095,0.235730283730521,0.389567640238084,0.320818980641031,0.256641400161968,0.276630321631971,0.287745327761805
"SIMA","AUTONOMIC_GANGLIA",FALSE,TRUE,FALSE,0.0384615384615385,0.64903846153846,0.144238894161848,0.303117297595555,0.423053125664144,0.0212247353047132,0.390697537988538,0.3,0,0.3108752,0.273579778578338,0.296171396588713,0.452608642940239,0.244240501553143,0.246803430250187,0.262046964663494
"NCIH1930","LUNG",TRUE,TRUE,FALSE,0.0240384615384615,0.653846153846153,0.247540964841595,0.357051127701796,0.409599619096035,0.0175918266177177,0.29264158425248,0.308,0.4,0.3591823,0.313661943659061,0.304954496525844,0.219086363528655,0.244149687880549,0.286831820455813,0.289253210350734
"NCIH524","LUNG",TRUE,TRUE,TRUE,0.658653846153846,0.759615384615383,0.154383117527771,0.28519099156278,0.393765163181003,0.0445269756019115,0.25391306523821,0.306,0,0.3084242,0.276661010173355,0.243728394308191,0.208298761121222,0.23535769079416,0.234703837278654,0.226534862060558
"HCC1187","BREAST",TRUE,TRUE,TRUE,0.307692307692308,0.778846153846152,0.14762674987944,0.109133286703905,0.341600175883353,0.0114988666027784,0.0523532271797753,0.352,0,0.0736839,0.25349137410153,0.0536736827078826,0.104083797540735,0.230536732259934,0.184433477529108,0.147239636183726
"CMK115","HAEMATOPOIETIC_AND_LYMPHOID_TISSUE",TRUE,TRUE,TRUE,0.971153846153846,0.807692307692306,0.144085400339632,0.316165320407064,0.449598655418558,0.149527341127396,0.527955416081742,0.29,0.2,0.393537,0.26090975605335,0.26955810279011,0.365125167656626,0.228014480131632,0.234547834376581,0.294540344183284
"MOLT4","HAEMATOPOIETIC_AND_LYMPHOID_TISSUE",TRUE,TRUE,FALSE,0.961538461538462,0.687499999999999,0.179158298455163,0.326051878535142,0.488577734152281,0.011790526099503,0.50489151086943,0.238,0,0.4635067,0.325304159043924,0.419408968193699,0.482532336497697,0.214817728443139,0.278855755549621,0.3025304304492
"HUNS1","HAEMATOPOIETIC_AND_LYMPHOID_TISSUE",TRUE,TRUE,FALSE,0.682692307692308,0.639423076923076,0.121763567755335,0.287054416955055,0.503474881285378,0.0355416014790535,0.0969506289507031,0.238,0,0.4167651,0.370029096252187,0.396636598706001,0.149089112404945,0.214479239682201,0.252133388820446,0.237070587099331
"EB2","HAEMATOPOIETIC_AND_LYMPHOID_TISSUE",TRUE,TRUE,FALSE,0.6875,0.615384615384614,0.151936165400117,0.39331573050305,0.510973316900191,0.0495051741600037,0.240555502837586,0.192,0.2,0.5783147,0.336840233717959,0.559159784540274,0.391234062947739,0.210359840173817,0.301031983313464,0.316555884191861
"COLO818","SKIN",TRUE,TRUE,FALSE,0.5625,0.375,0.120306443719005,0.0712083166126468,0.278022191137661,0.062353752553463,0.102191072796575,0.334,0.2,0.0267455,0.133931297298257,0.0249142208689056,0.0541794767618128,0.209876065525532,0.159740221529304,0.136728350677166
"SUDHL5","HAEMATOPOIETIC_AND_LYMPHOID_TISSUE",TRUE,TRUE,FALSE,0.413461538461538,0.71153846153846,0.162776204532701,0.277609985883911,0.458177112421185,0.273553520441055,0.187137059806243,0.29,0.8,0.3206565,0.38066028816441,0.197271345898338,0.0826725939861189,0.20876657248826,0.216682516810347,0.296612592340967
"NCIH82","LUNG",TRUE,TRUE,TRUE,0.990384615384615,0.798076923076921,0.138790892582576,0.1763753254571,0.350064140883351,0.0157774575054646,0.416636748854488,0.292,0,0.1817329,0.200810153276824,0.15719695476037,0.196473360306595,0.203220700324371,0.195995949114315,0.19423650638965
"CORL24","LUNG",TRUE,TRUE,FALSE,0.0288461538461538,0.620192307692307,0.136753451694635,0.347146921603542,0.401515939310043,0.0172970145940781,0.261653705455587,0.228,0.2,0.3815371,0.269656186752167,0.366819530811197,0.102860664136956,0.197704028158864,0.243857660835277,0.242677092565565
"RDES","BONE",FALSE,TRUE,TRUE,1,0.947115384615382,0.149316641546228,0.0988106394292612,0.305030983004536,0.00698681687936187,0.158471243808375,0.298,0,0.0803546,0.279811266074756,0.0547546987536758,0.00229917507301014,0.184462128175808,0.167357113433301,0.137358100475255
"MJ","HAEMATOPOIETIC_AND_LYMPHOID_TISSUE",TRUE,TRUE,FALSE,0.884615384615385,0.48076923076923,0.10944877937197,0.286118643456877,0.459615116900571,0.00832112040370703,0.222694668638462,0.204,0.2,0.3710229,0.30519219645417,0.382205285526633,0.321019773933708,0.183987552253814,0.231884688299534,0.252731594249188
"HS695T","SKIN",TRUE,TRUE,FALSE,0.134615384615385,0.134615384615385,0.103346986576116,0.0804591138119997,0.294532976457632,0.00899965595453978,0.136412887855557,0.29,0.2,0.0361793,0.154421881792874,0.0344266150961871,0.0548713706256739,0.177594802599999,0.142591200557434,0.131833599332924
"CORL279","LUNG",TRUE,TRUE,FALSE,0.192307692307692,0.83653846153846,0.237535100406684,0.374147265842372,0.403831204842437,0.00295439478941262,0.212747856018494,0.246,0.4,0.3497648,0.326682772733388,0.240255056791785,0.117177909788586,0.176480018656077,0.241263385732823,0.256064597354005
"CADOES1","BONE",FALSE,TRUE,FALSE,0.783653846153846,0.730769230769229,0.108694350121972,0.223396958429396,0.396557458459792,0.0080259945243597,0.103332617595103,0.23,0,0.2684579,0.257931831982238,0.244499171653626,0.232186823410922,0.175151112626354,0.194397840591866,0.187894773799664
"NCIH2171","LUNG",TRUE,TRUE,FALSE,0.644230769230769,0.610576923076922,0.167478514143064,0.323327730697547,0.411816478171715,0.203380078077316,0.239346638267027,0.212,0.4,0.3304851,0.274603264585043,0.286855970276188,0.159198541016309,0.165989940991614,0.222111494806418,0.261276442387096
"BCP1","HAEMATOPOIETIC_AND_LYMPHOID_TISSUE",TRUE,TRUE,FALSE,0.144230769230769,0.783653846153844,0.142203713062301,0.18428998716855,0.426524452202395,0.0109274750575423,0.373081767010604,0.256,0.6,0.2052287,0.40725793465485,0.104445210986299,0.128711257265628,0.163687990441454,0.167549641349533,0.243839086861474
"HUT102","HAEMATOPOIETIC_AND_LYMPHOID_TISSUE",TRUE,TRUE,FALSE,0.860576923076923,0.514423076923076,0.107652620515787,0.256277316394647,0.470572701831691,0.0585142336785793,0.292444450167109,0.166,0.4,0.3689623,0.293049608691721,0.404975549359499,0.258092980921773,0.160505728859259,0.226209389958429,0.26640437541373
"HCC2157","BREAST",TRUE,TRUE,FALSE,0.620192307692308,0.524038461538461,0.116239433208143,0.102123659656687,0.342021323167321,0.0200424529612064,0.284756360115883,0.244,0,0.0683359,0.136137559639503,0.075640991683196,0.171915684763291,0.151754709185293,0.14529347496378,0.142943196103408
"CAS1","CENTRAL_NERVOUS_SYSTEM",TRUE,TRUE,FALSE,0.442307692307692,0.269230769230769,0.117528952922628,0.0210402008493966,0.271398135893775,0.0145107107236981,0.109800614125938,0.26,0,0.0133641,0.141095599432773,0.0142626916524121,0.0525280731332939,0.151165762155205,0.130597214858347,0.099791696595959
"JHOS4","OVARY",FALSE,TRUE,FALSE,0.697115384615385,0.644230769230768,0.12975489920409,0.108993823636437,0.294243735010262,0.0344851277768612,0.248205168606618,0.246,0.4,0.0651991,0.210863395520764,0.0582107755007993,0.993910412130662,0.149002504938051,0.14465522490163,0.237194166709706
"HH","HAEMATOPOIETIC_AND_LYMPHOID_TISSUE",TRUE,TRUE,TRUE,0.956730769230769,0.87980769230769,0.111314910927367,0.086503742725089,0.355482772731668,0.00954321026802063,0.152003092832244,0.244,0.4,0.0860076,0.317896781343729,0.0503997581274001,0.084680641775415,0.147514325959856,0.135238223018256,0.167737312285311
"FTC133","THYROID",FALSE,TRUE,FALSE,0.519230769230769,0.567307692307691,0.094050417680795,0.0969197596140069,0.305938415739633,0.235677421092987,0.119605656236798,0.234,0.6,0.0645501,0.172971085475701,0.06555920055277,0.0769045000145304,0.144837558926065,0.131203206077855,0.180170563185472
"OUMS27","BONE",FALSE,TRUE,FALSE,0.490384615384615,0.302884615384615,0.0856415640903888,0.193242940480091,0.329823663300437,0.0224390495568514,0.16380950038182,0.21,0.2,0.1192607,0.165032606751481,0.127285899498614,0.129746200342592,0.1408109955715,0.140975821196334,0.156005303166931
"BDCM","HAEMATOPOIETIC_AND_LYMPHOID_TISSUE",TRUE,TRUE,FALSE,0.230769230769231,0.399038461538461,0.101192691926493,0.263762888563524,0.470938844113142,0.0099495155736804,0.152616989012945,0.154,0.2,0.3599718,0.326353354097277,0.315545696680793,0.133286462125529,0.136935026883094,0.190246129535762,0.216523030654788
"SNB19","CENTRAL_NERVOUS_SYSTEM",TRUE,TRUE,TRUE,0.894230769230769,0.841346153846152,0.17092428032663,0.02163114865108,0.28187250506482,0.0487212724983692,0.123821618434902,0.238,0.4,0.0184898,0.0465116969092349,0.0273438574783049,0.135476799805831,0.13587876519604,0.145422712601645,0.138007265920527
"KS1","CENTRAL_NERVOUS_SYSTEM",TRUE,TRUE,FALSE,0.326923076923077,0.100961538461538,0.108561357669036,0.0296748696078272,0.297367779141633,0.00640643388032913,0.111175932494586,0.224,0,0.0207566,0.152642531420837,0.0200760907825494,0.0688659847951961,0.130074380841764,0.117545816150529,0.0990113674449452
"ISTMES2","PLEURA",FALSE,TRUE,FALSE,0.177884615384615,0.0769230769230769,0.0747307544155991,0.107315054896711,0.296127327877257,0.067060299217701,0.0857965217743391,0.206,0.2,0.0610905,0.149686226712941,0.0507496962847018,0.0808840521821661,0.1264602499171,0.110493483566767,0.124338012834253
"RERFGC1B","STOMACH",FALSE,TRUE,FALSE,0.576923076923077,0.725961538461537,0.133543241207857,0.032481006928793,0.216943591430969,0.0619828179478645,0.113675468054145,0.218,0.2,0.0202954,0.0444729605203514,0.0235198508947348,0.112480220178557,0.125654083370604,0.125021030700864,0.109851513171903
"COLO783","SKIN",TRUE,TRUE,FALSE,0.764423076923077,0.447115384615384,0.113610300866484,0.160019736504317,0.365443501831444,0.200862616300583,0.168536615569066,0.19,0,0.0950606,0.175904909301639,0.0980814503409689,0.11017589977967,0.122461217187356,0.133897250402484,0.148773392160309
"HS863T","BONE",FALSE,TRUE,FALSE,0.504807692307692,0.206730769230769,0.0801186039190496,0.0703741752530956,0.25652736012829,0.0328626781702042,0.0717367450754947,0.192,0,0.0374689,0.107599567214128,0.0445911198162202,0.0487505559757306,0.117398606573431,0.105569907911757,0.0896152476951847
"HS737T","BONE",FALSE,TRUE,FALSE,0.634615384615385,0.408653846153846,0.079519285335021,0.0689144399290633,0.259163391020317,0.00533853145316243,0.0676645402307243,0.192,0,0.037905,0.11408033717738,0.0417565786472395,0.0447785438733038,0.117013910484612,0.104425287994087,0.087119988164993
"MFE280","ENDOMETRIUM",FALSE,TRUE,FALSE,0.149038461538462,0.149038461538462,0.0786728784726086,0.196519152820525,0.328840447627595,0.0737120136618614,0.171979566261705,0.158,0.2,0.1511602,0.149640843161767,0.156854773875299,0.084686992951463,0.115667979821282,0.131175884115969,0.15360851790539
"CHL1","SKIN",TRUE,TRUE,FALSE,0.0336538461538462,0.168269230769231,0.122405415436897,0.118159543296189,0.358352388108443,0.00384634220972657,0.120226159972747,0.182,0.2,0.0708532,0.203025070043929,0.0734105527127511,0.137189721834297,0.113966083114043,0.125938656049883,0.140721010213762
"UACC893","BREAST",TRUE,TRUE,TRUE,0.836538461538462,0.826923076923075,0.153252344282024,0.0428524995950185,0.273696731996288,0.0134549895301461,0.0695587302084986,0.19,0.2,0.0290602,0.0452436692641745,0.0435128862026337,0.0518243956360024,0.112243904470215,0.128921743494886,0.104124776513837
"JHH7","LIVER",FALSE,TRUE,FALSE,0.394230769230769,0.355769230769231,0.0911299570872186,0.119209844081564,0.293451394942577,0.00885052513331175,0.0574922009429058,0.168,0.4,0.0769031,0.100431355766711,0.0880973687919113,0.0434382771973861,0.110423573849996,0.11574244195971,0.12870538767333
"U138MG","CENTRAL_NERVOUS_SYSTEM",TRUE,TRUE,FALSE,0.730769230769231,0.365384615384615,0.125303298132044,0.0373075188479906,0.298996985909448,0.00171099614817649,0.113175932380827,0.182,0,0.0237433,0.148131301535241,0.0272186555641854,0.0581335037375286,0.10734484753879,0.111507317898743,0.0949672044379211
"NCIH2066","LUNG",TRUE,TRUE,FALSE,0.399038461538462,0.201923076923077,0.102347544588487,0.121513151642306,0.306284583595865,0.0165774207562208,0.165541268536383,0.152,0.4,0.1030357,0.0885359972631151,0.0980932933843173,0.0769903325741464,0.103250326744272,0.117480279324268,0.142434607569952
"YMB1","BREAST",TRUE,TRUE,FALSE,0.25,0.66826923076923,0.126509130802516,0.129280025481457,0.362452545196526,0.00051102478755638,0.0661011141669186,0.16,0,0.087675,0.254291117686696,0.073213394554296,0.0697109956757265,0.102651694630668,0.119907508452271,0.119407965494972
"NCIH1651","LUNG",TRUE,TRUE,FALSE,0.336538461538462,0.735576923076922,0.127930877325591,0.0417921831041049,0.215389098327707,0.00372198433615267,0.0478524324512747,0.168,0.2,0.0261204,0.0362291950209931,0.0295040805576271,0.0317550989021976,0.100711638677873,0.108478319294406,0.0874988698459944
"SNU520","STOMACH",FALSE,TRUE,FALSE,0.201923076923077,0.182692307692308,0.090261435612278,0.205546223479767,0.380321361561707,0.00154468230903149,0.0668155211693267,0.12,0,0.1738812,0.194423927277575,0.188074766519883,0.211734955875757,0.100283385699306,0.132778734044054,0.14351278411913
"MDAPCA2B","PROSTATE",FALSE,TRUE,TRUE,0.865384615384615,0.706730769230768,0.103495583200154,0.0727832744970381,0.288029270848017,0.00286374008283019,0.250006698725517,0.156,0,0.0559129,0.185576854233836,0.0439508958569103,0.152010943649204,0.0981067165660154,0.101148826352355,0.11614505415476
"VMRCLCP","LUNG",TRUE,TRUE,FALSE,0.331730769230769,0.4375,0.106406612466131,0.0755363163650856,0.257586412204685,0.0282922852784395,0.061160308387479,0.148,0.4,0.0600093,0.075691294340841,0.0629972748418482,0.0564366606102092,0.0966853333207994,0.105801295769327,0.118046391814219
"NIHOVCAR3","OVARY",FALSE,TRUE,FALSE,0.855769230769231,0.41826923076923,0.10244313539438,0.0469578969654703,0.225115338126336,0.00887906923890114,0.0605768394836245,0.154,0,0.0230227,0.0781132996867183,0.0305512037697829,0.0453429209884013,0.0955743452427373,0.0956647797213875,0.0743262714321338
"SNU626","CENTRAL_NERVOUS_SYSTEM",TRUE,TRUE,TRUE,0.899038461538462,0.682692307692306,0.155092086868233,0.0292029607947012,0.274019666298597,0.0557936653494835,0.0708339273634107,0.154,0,0.023924,0.0650609357183812,0.0382832850241355,0.077543258097282,0.0941242898005308,0.11579179063079,0.0887438358419649
"1321N1","CENTRAL_NERVOUS_SYSTEM",TRUE,TRUE,FALSE,0.389423076923077,0.216346153846154,0.136537316777092,0.0270200486939332,0.300816697047612,0.0724841207265854,0.0887633011035071,0.154,0.2,0.0204056,0.0954027081363256,0.022889162157399,0.112766566530385,0.0930989348118233,0.104475492978164,0.109896919150987
"DM3","PLEURA",FALSE,TRUE,FALSE,0.831730769230769,0.509615384615384,0.102034231898897,0.0521609283007778,0.233258964466364,0.0305247660726309,0.0543633414145538,0.146,0.2,0.0245971,0.0972005959654757,0.02907988815514,0.0427378700119505,0.0918697016353107,0.0923713733513458,0.0920152893286497
"A704","KIDNEY",FALSE,TRUE,FALSE,0.745192307692308,0.288461538461539,0.0963391776320751,0.0741092111364893,0.247132916083158,0.0420483164489269,0.0569474084202197,0.136,0.2,0.0389652,0.0991949584756518,0.0457392054406253,0.0791054075288965,0.0897689508917073,0.0926927943575668,0.099849503570409
"HS571T","OVARY",FALSE,TRUE,FALSE,0.721153846153846,0.331730769230769,0.0807621293419375,0.0838799283810431,0.269834088795177,0.00530874449759722,0.0883159801714477,0.132,0,0.0456464,0.103356783854234,0.0512137412834019,0.0394641015249222,0.0893756371825895,0.0879919568751131,0.082857653223651
"CPCN","LUNG",TRUE,TRUE,FALSE,0.110576923076923,0.456730769230769,0.120175575896754,0.218958553489088,0.36343336834759,0.00125433038920164,0.0832592152498428,0.11,0.2,0.1899924,0.211657261985801,0.144666063500523,0.0791000315748739,0.0891619101228109,0.124947213132426,0.148969686437609
"HCC1569","BREAST",TRUE,TRUE,FALSE,0.826923076923077,0.442307692307692,0.124792378391288,0.0353888694821618,0.264873993147629,0.0100065628066659,0.0766578120887323,0.144,0.2,0.0160128,0.0809190633254821,0.0147883946335101,0.0491616599067092,0.0883573475252681,0.0945269243415993,0.0922681388960805
"NCIH1573","LUNG",TRUE,TRUE,FALSE,0.245192307692308,0.0673076923076923,0.0844524273676244,0.0987285744923941,0.311347940161231,0.000368638313375413,0.0634923594195169,0.122,0.2,0.0773689,0.119399426781247,0.0684275804289443,0.03850535684038,0.0869935577579456,0.0916266692655229,0.104823956217552
"SNU283","LARGE_INTESTINE",FALSE,TRUE,FALSE,0.769230769230769,0.471153846153846,0.0996693117623467,0.0817398618143192,0.291303041484162,0.0728068500757217,0.115916557264494,0.116,0,0.0526854,0.0763310519104288,0.0821775932322888,0.178919072083134,0.0854341663777444,0.0992823016648785,0.104020400589963
"HS604T","HAEMATOPOIETIC_AND_LYMPHOID_TISSUE",TRUE,TRUE,FALSE,0.875,0.548076923076922,0.096572889184105,0.0338710934839648,0.23649424561871,0.00094660883769393,0.0667495095555008,0.134,0,0.0181563,0.116172178426682,0.0119204678937035,0.0175847544694914,0.0850860469733576,0.0808311190259362,0.0691065548822419
"HS751T","HAEMATOPOIETIC_AND_LYMPHOID_TISSUE",TRUE,TRUE,FALSE,0.480769230769231,0.278846153846154,0.0792724372949181,0.0321669726195696,0.237109732267689,0.0194559060037136,0.0790046558624481,0.13,0.2,0.0197377,0.117175237856333,0.0126428749248775,0.0193774965559844,0.0842586729319383,0.0739717707399318,0.0849364197736465
"TE159T","SOFT_TISSUE",FALSE,TRUE,TRUE,0.923076923076923,0.581730769230768,0.109965524633673,0.0830513457063761,0.258875036287274,0.00486897444352508,0.0729589925620087,0.118,0.2,0.0435453,0.111373606639766,0.0507964870175169,0.0489177952879832,0.0823829845975691,0.0929206705503967,0.0982812859789299
"GP2D","LARGE_INTESTINE",FALSE,TRUE,FALSE,0.538461538461538,0.461538461538461,0.085763119852872,0.0961524587441456,0.299422197746635,0.000758080277591944,0.0931908766993639,0.108,0.2,0.0691663,0.182102345308176,0.0745488499235536,0.197020060871733,0.0819653543413443,0.0894373232588085,0.121348228232633
"HS600T","SKIN",TRUE,TRUE,FALSE,0.418269230769231,0.173076923076923,0.114870591284252,0.0318263994891417,0.237306893521254,0.00190625269897282,0.0536312071128644,0.128,0,0.0108342,0.0962349313036371,0.0112747433652228,0.0455288224432127,0.0818787981924314,0.084715111549825,0.0690775346892934
"TGBC11TKB","STOMACH",FALSE,TRUE,FALSE,0.0817307692307692,0.326923076923077,0.0933855082059911,0.247581480430724,0.363389372886367,0.0264812223613262,0.10802201065964,0.074,0,0.2054904,0.20414539798152,0.20080029045058,0.102611546030066,0.0818374719229146,0.12272859955219,0.140805638498563
"BT483","BREAST",TRUE,TRUE,TRUE,0.980769230769231,0.697115384615383,0.123330282568542,0.0582149817618611,0.290514489309141,0.0586771741509438,0.0521837432497137,0.12,0,0.0377873,0.130751173310255,0.0424626368970027,0.0893021327014794,0.0817418524557617,0.0952643064885148,0.0907869286840935
"JHOM2B","OVARY",FALSE,TRUE,FALSE,0.913461538461538,0.701923076923076,0.109192686231653,0.127379947652912,0.291717254269794,0.0118332095444202,0.0732677360819599,0.096,0,0.0913475,0.0744607461603521,0.117899547898373,0.160447050549492,0.0809693205279525,0.107697411376676,0.103247108484122
"CL34","LARGE_INTESTINE",FALSE,TRUE,FALSE,0.225961538461538,0.163461538461538,0.0819581901979707,0.127513665476298,0.323233281080885,3.79851953766774e-05,0.0905433841284504,0.084,0,0.0972418,0.159937943134092,0.108552803526095,0.184093286932098,0.0765099637050439,0.0915036645746885,0.109625074457769
"EFM19","BREAST",TRUE,TRUE,TRUE,0.918269230769231,0.745192307692306,0.143652594997758,0.0183931681779966,0.242843884440859,0.00196154392324388,0.0722444740693579,0.114,0.2,0.0120745,0.0632249377079891,0.0128990618705234,0.0586044922153698,0.0756426635298683,0.0901838856227604,0.0850557851196712
"SNU324","PANCREAS",FALSE,TRUE,FALSE,0.716346153846154,0.394230769230769,0.0769760213598142,0.0886749983151697,0.281867366983147,0.00140666239894927,0.0727265250868633,0.098,0,0.0488101,0.110295919944884,0.0427733617177968,0.0417803037867434,0.075250531877626,0.072583127692537,0.0777803783971946
"HUH28","BILIARY_TRACT",FALSE,TRUE,FALSE,0.581730769230769,0.274038461538462,0.0953226699273462,0.110222812659997,0.276816476394574,0.00206225668080151,0.0866234889290471,0.096,0.2,0.0499412,0.155614510874969,0.0457649843227563,0.0407359466122227,0.0741516430822776,0.0790292180833675,0.10094501596672
"EVSAT","BREAST",TRUE,TRUE,FALSE,0.629807692307692,0.600961538461537,0.122153071045861,0.0592377985302589,0.304483692709221,0.00017129658954218,0.0942806021708088,0.096,0,0.0472012,0.155923474185658,0.0478775143064187,0.114945618510391,0.07338572399473,0.0886768617840933,0.0926412964482296
"SNU1040","LARGE_INTESTINE",FALSE,TRUE,FALSE,0.846153846153846,0.54326923076923,0.0988585355655738,0.0625001057646973,0.261322454605662,0.00309200910851359,0.074628340490949,0.092,0.2,0.0368152,0.142223678751014,0.0414484571986449,0.0993663386534102,0.0721924546803964,0.0774356642547396,0.0970679414672
"MDAMB415","BREAST",TRUE,TRUE,FALSE,0.543269230769231,0.317307692307692,0.118793809351026,0.0513753613206115,0.295640090304158,0.0225092265754938,0.0748076669424185,0.094,0,0.0319848,0.0739784915260358,0.0397075998834102,0.068512022535935,0.072018069947793,0.0841671364114787,0.0790380211383354
"SW403","LARGE_INTESTINE",FALSE,TRUE,FALSE,0.567307692307692,0.283653846153846,0.0839283191916756,0.143039635513283,0.31458339796738,0.0023249879013747,0.0589632442213312,0.072,0.2,0.0863892,0.10647735953334,0.0970349748619426,0.0879888495903277,0.0710417982220037,0.0843210980178727,0.10831483577081
"NCIH1781","LUNG",TRUE,TRUE,FALSE,0.692307692307692,0.519230769230768,0.105765700568733,0.0461616821895278,0.233926114701785,0.00238244794309139,0.056858092983623,0.086,0.2,0.0352313,0.0902263095489404,0.0372355666521347,0.0597848286444376,0.0694962084022643,0.0763337557402891,0.0845693851826789
"HS616T","HAEMATOPOIETIC_AND_LYMPHOID_TISSUE",TRUE,TRUE,FALSE,0.528846153846154,0.298076923076923,0.0672793033608995,0.0503481917024982,0.266769163701408,0.000295868259854615,0.0492621618372058,0.086,0,0.029899,0.138168852793587,0.0163880864617929,0.0166458326132654,0.068898050542208,0.0565557966075641,0.0651161775292526
"HLFA","LUNG",TRUE,TRUE,FALSE,0.610576923076923,0.245192307692308,0.0828652771989388,0.069285985595124,0.239147308706312,0.0276530273258686,0.0488268274038358,0.08,0.2,0.0413211,0.0933834354459818,0.0418522175221654,0.0434519487210118,0.0686858496783626,0.0682391649070347,0.0849778571157412
"NCIH596","LUNG",TRUE,TRUE,FALSE,0.360576923076923,0.423076923076923,0.0968032535256143,0.0934579409865648,0.272239045320928,0.00803450588136911,0.0524461185784381,0.07,0.2,0.0701358,0.0638086437765484,0.0818802513542586,0.0475833285975403,0.068521255199181,0.0828945016266243,0.0929080496036205
"HCC70","BREAST",TRUE,TRUE,FALSE,0.120192307692308,0.139423076923077,0.0992599570194039,0.127216712009845,0.344791285510293,0.000679520948324353,0.0839592569092828,0.072,0,0.0759738,0.155633299193418,0.0730667909717273,0.0573783760381508,0.0683036797987209,0.0814422493303771,0.0953619175176572
"TO175T","HAEMATOPOIETIC_AND_LYMPHOID_TISSUE",TRUE,TRUE,FALSE,0.572115384615385,0.197115384615385,0.0657811996947291,0.0480386503125946,0.270464482383553,0.000126190643641166,0.0506621022068115,0.084,0,0.0275319,0.134856402092069,0.0162281253948683,0.0181805518046545,0.0682675916764862,0.0553364416965325,0.0645748952235338
"COLO679","SKIN",TRUE,TRUE,FALSE,0.798076923076923,0.504807692307692,0.129016895050119,0.0537469357129182,0.269767556147182,0.00414102151989937,0.0542564443062153,0.086,0.2,0.0198497,0.114666521327238,0.020361180336305,0.0552191738880062,0.0671823644764862,0.0784593584621414,0.0886667039405009
"SW1573","LUNG",TRUE,TRUE,FALSE,0.0865384615384615,0.230769230769231,0.0999100426095697,0.0408965734893917,0.237193059477719,0.00652018515393138,0.0526066258108107,0.078,0.2,0.0311143,0.0663299502653191,0.0319680800383383,0.0535093762097753,0.0665711595441524,0.0699593742159693,0.0795829789857675
"143B","BONE",FALSE,TRUE,FALSE,0.485576923076923,0.158653846153846,0.0828085589362226,0.101131808834925,0.315618897016035,0.000378437282051891,0.0515354911598558,0.064,0,0.0649462,0.134159908249077,0.0748149868152772,0.0812356936736468,0.0663858280511209,0.0738745152504999,0.0854531019437471
"MDAMB436","BREAST",TRUE,TRUE,FALSE,0.375,0.0288461538461538,0.105282896028382,0.0392919989257193,0.284038515422857,0.00215798569843173,0.0473614454406475,0.08,0.2,0.0219551,0.0913860294518148,0.0233282422623547,0.0507234680194668,0.0662789573649981,0.0695370460969121,0.0831801295931987
"NUGC2","STOMACH",FALSE,TRUE,FALSE,0.341346153846154,0.125,0.076050611075911,0.079991200466302,0.266106047362164,0.000559999083634466,0.0403805121154585,0.07,0,0.0404618,0.114021277882001,0.0430034015881092,0.0465110668196117,0.0657440054808998,0.0630180042213401,0.0696806096996487
"HS821T","BONE",FALSE,TRUE,FALSE,0.725961538461538,0.341346153846154,0.0822413189206935,0.120091546760132,0.30169305554701,0.000241416404605843,0.0684690206429183,0.052,0,0.0813313,0.128316623960146,0.105476828454222,0.102607257453128,0.0652386131452308,0.0799060491249718,0.0913548484933122
"UACC812","BREAST",TRUE,TRUE,FALSE,0.879807692307692,0.538461538461538,0.118709244235349,0.0312232183809813,0.246605749642913,0.0717214867472649,0.0911088664695698,0.08,0,0.0134709,0.131541236989618,0.0123812172029362,0.0359037167275738,0.0648879004054869,0.0703634871460952,0.0744551556882914
"RERFLCSQ1","LUNG",TRUE,TRUE,FALSE,0.105769230769231,0.0625,0.0729965901232618,0.0694522938834854,0.252163918755178,3.67926550097764e-05,0.0431969911861502,0.066,0.2,0.0446579,0.0838650345477846,0.044599900678104,0.0366244619804622,0.064708713693912,0.0611988302671219,0.0799616482900361
"HS618T","LUNG",TRUE,TRUE,FALSE,0.552884615384615,0.115384615384615,0.0750051248307559,0.102817582303971,0.274222955253349,0.00126633222680539,0.0536312071128644,0.058,0.2,0.0696635,0.115485926752983,0.071717824386588,0.0458732193919724,0.0644550420353147,0.068240983072448,0.0923368997974656
"COV318","OVARY",FALSE,TRUE,FALSE,0.355769230769231,0.00961538461538462,0.0670493298861,0.0891225187859802,0.286244635044541,0.0678065493702888,0.0626540788249795,0.058,0,0.0588939,0.103592616732735,0.0665818735295611,0.0938827426511161,0.0642685817469203,0.0638770678052204,0.0832287611059571
"RMUGS","OVARY",FALSE,TRUE,FALSE,0.514423076923077,0.370192307692307,0.0998549086328062,0.0551004409581856,0.261057620083777,0.00103296991437674,0.0423364891437364,0.068,0,0.0343007,0.0664874938959246,0.039818985694979,0.0940382265753908,0.0640699537841359,0.0692246314425951,0.0688709553943005
"HS172T","URINARY_TRACT",FALSE,TRUE,FALSE,0.557692307692308,0.192307692307692,0.06941556365122,0.120236765396146,0.287084697866243,0.0309611205011606,0.0781549737013027,0.054,0.2,0.0710603,0.130317139417354,0.0778791305551275,0.0422877297099432,0.0639062263559105,0.0670982314021158,0.0994155291197326
"ABC1","LUNG",TRUE,TRUE,FALSE,0.0192307692307692,0.0480769230769231,0.0827159013635616,0.0713778903299426,0.267349798086602,0.000386640196666121,0.0517804594955326,0.06,0,0.0572608,0.108327954370619,0.0561546575122362,0.0983373726907817,0.0635083688944769,0.0662901862919326,0.0756530791717193
"HTK","HAEMATOPOIETIC_AND_LYMPHOID_TISSUE",TRUE,TRUE,FALSE,0.288461538461538,0.0576923076923077,0.068916755890772,0.032192655023683,0.271097973560886,0.0165720116347075,0.049498246966866,0.07,0.2,0.0213193,0.128168644818359,0.0123670325367749,0.0312527167365985,0.0633390635864539,0.050427929475849,0.0780886407869962
"HLC1","LUNG",TRUE,TRUE,FALSE,0.0913461538461538,0.0865384615384615,0.0788925853326002,0.139446214339814,0.317058148654847,0.00246935919858515,0.0723436940783952,0.046,0,0.1128977,0.143562930049011,0.10297810244893,0.0758394059087156,0.0632494914378537,0.0759568959271769,0.0946688097981484
"COLO849","SKIN",TRUE,TRUE,FALSE,0.365384615384615,0.0144230769230769,0.0949323304776705,0.0645506065840946,0.30502410666989,0.00220470386557281,0.0523069566724104,0.068,0,0.0271008,0.113367078151605,0.0266684031153556,0.0619919683263964,0.0631104292540797,0.0632002445310087,0.0724967405883141
"MDAMB175VII","BREAST",TRUE,TRUE,FALSE,0.3125,0.360576923076923,0.122666355029554,0.0387113197501989,0.258443994909379,0.0124675296247005,0.0684255101422716,0.07,0,0.0200789,0.0674070120832023,0.026238516211566,0.045824026819045,0.0628229426803409,0.0729682904137068,0.0666195690510743
"NCIH1437","LUNG",TRUE,TRUE,FALSE,0.322115384615385,0.413461538461538,0.097582587275291,0.0345615308923448,0.245869617459332,0.00411062221974134,0.0441057717028777,0.068,0,0.0235083,0.0822962424227438,0.0213874497388018,0.0560841672608282,0.0625848919077571,0.0623233456713643,0.0617241943500833
"OVMANA","OVARY",FALSE,TRUE,TRUE,0.927884615384615,0.951923076923075,0.142562240141062,0.012957668096644,0.160065101214223,0.00222633266821504,0.0462426469708725,0.076,0,0.0055375,0.0299686119239441,0.00708797560298057,0.0436948839370572,0.0624413059676838,0.0752167385813475,0.0510770003926177
"HS229T","LUNG",TRUE,TRUE,FALSE,0.139423076923077,0.0384615384615385,0.071878109737609,0.102062605204509,0.275715170642418,0.00574759161099792,0.0536312071128644,0.05,0.2,0.0723133,0.126629502151512,0.0748654714705852,0.0449732850163305,0.0623410739682915,0.0655811937360647,0.0927491162039371
"SW780","URINARY_TRACT",FALSE,TRUE,FALSE,0.129807692307692,0.0336538461538462,0.0707714124094153,0.0740529603380971,0.275202317333469,0.037889689207077,0.0699521148848398,0.056,0.2,0.0479747,0.12499044246474,0.0464959388606477,0.0869726410941967,0.0618462612365385,0.0577557837566877,0.093069558583516
"HS706T","BONE",FALSE,TRUE,FALSE,0.298076923076923,0.0432692307692308,0.0751415525118012,0.0723053671683596,0.271189964733994,0.000441452575614676,0.0391258051123205,0.056,0,0.0409477,0.116811559106711,0.0462128040702084,0.0681166973001652,0.0616886991230504,0.0591181188606699,0.0697769015817611
"SJRH30","SOFT_TISSUE",FALSE,TRUE,FALSE,0.216346153846154,0.0192307692307692,0.0730723559342641,0.0757810496651787,0.3043343195948,1.95512457139557e-05,0.0430931470523571,0.05,0.2,0.0511183,0.104225882957228,0.0595358770076166,0.076880160900865,0.061041146152039,0.0608694109806269,0.0892285539608222
"PL45","PANCREAS",FALSE,TRUE,FALSE,0.403846153846154,0.485576923076922,0.0940960457036941,0.0374212815284852,0.227693254382632,0.00161003693938255,0.0517804594955326,0.062,0,0.0185356,0.0542403612576855,0.0218279190673387,0.0602629437472082,0.0609145263468776,0.059307988257011,0.0576684935942959
"HS698T","LARGE_INTESTINE",FALSE,TRUE,FALSE,0.254807692307692,0.0913461538461538,0.0672128999414134,0.149921987828632,0.310134569376283,0.000664945517200977,0.0717367450754947,0.034,0,0.0937908,0.141185956554267,0.112363225367231,0.0454915841788573,0.060745501598178,0.071192041769548,0.0891107890159311
"HS840T","UPPER_AERODIGESTIVE_TRACT",FALSE,TRUE,FALSE,0.461538461538462,0.221153846153846,0.0783787424794459,0.085092550485532,0.273739868751425,0.000795145519077778,0.0488268274038358,0.05,0,0.0464128,0.116169471010439,0.0572110885384618,0.0489098191854669,0.0606912235073471,0.0618632770059692,0.0713916010682309
"CL40","LARGE_INTESTINE",FALSE,TRUE,FALSE,0.0480769230769231,0.0817307692307692,0.0797736000229305,0.0814261903530797,0.275101616488418,0.00563157349824905,0.0615399040762668,0.052,0,0.0440088,0.131004520938819,0.0503864126070463,0.0548167846262408,0.060690095866929,0.0607200042099923,0.0736230386683055
"TE125T","SOFT_TISSUE",FALSE,TRUE,FALSE,0.278846153846154,0.153846153846154,0.076160151074528,0.0695647263923569,0.247963981237639,0.00108848919626325,0.0606537819822826,0.054,0,0.0387573,0.114710812103618,0.0395286947948749,0.0396773971935049,0.0605131731371504,0.0565629486231343,0.0660908812104117
"S117","SOFT_TISSUE",FALSE,TRUE,FALSE,0.379807692307692,0.105769230769231,0.0782216698313165,0.0635596774003804,0.252299812882261,0.00366432848386467,0.0519215558795791,0.05,0.2,0.0346784,0.081608270820666,0.0422066368071663,0.0659509126611263,0.0594894475422874,0.0568094355461609,0.0800315498349853
"HUTU80","SMALL_INTESTINE",FALSE,FALSE,FALSE,0.370192307692308,0.346153846153846,0.0817326647783165,0.0669666622409057,0.27486571833624,0.000180742819793522,0.0401513108041833,0.052,0.2,0.0393767,0.150265566441893,0.0317417896483233,0.0763052060016741,0.0591366195826034,0.0551581514755466,0.0867600870868831
"HS870T","BONE",FALSE,TRUE,FALSE,0.0528846153846154,0.0240384615384615,0.0773319428087377,0.054726067229062,0.236402170210974,0.00251805153675377,0.0474750648496842,0.052,0,0.0266517,0.102061189957121,0.0268550830016894,0.0416056224952817,0.058879793078615,0.052062341936809,0.0598899251619022
"A498","KIDNEY",FALSE,TRUE,FALSE,0.471153846153846,0.596153846153845,0.107466373232838,0.0315191778861752,0.213564274515852,0.00180305214598775,0.0569474084202197,0.058,0,0.013986,0.0485217362909057,0.0158295089157478,0.0548936036724473,0.0588599451227777,0.0604319607161954,0.0555248493014729
"HS739T","BREAST",TRUE,TRUE,FALSE,0.0673076923076923,0.0528846153846154,0.103079739759827,0.0633317379623959,0.286373312604685,0.00198397506028414,0.0708339273634107,0.05,0,0.036708,0.132607214731398,0.0392149271385187,0.0522981611979255,0.0585216006443257,0.0640982222994485,0.073773139904786
"KLM1","PANCREAS",FALSE,TRUE,FALSE,0.264423076923077,0.533653846153845,0.115181614425324,0.0438196481593313,0.246691168039513,0.0038849136326462,0.0475465477853681,0.052,0,0.026053,0.0449786122870059,0.0341733590787324,0.0498149081902599,0.058348024686342,0.0671183245013523,0.060739240060452
"MKN1","STOMACH",FALSE,TRUE,FALSE,0.211538461538462,0.1875,0.0834734692173434,0.0923004719106907,0.274618409685974,0.00240037636831403,0.0529432543273436,0.042,0.2,0.0540124,0.134814396412733,0.0560662835976306,0.0399691301937931,0.0581172887746918,0.0605132509383247,0.0885560562636029
"NCIH508","LARGE_INTESTINE",FALSE,TRUE,FALSE,0.423076923076923,0.240384615384616,0.0819980670946781,0.0975617861557468,0.288665787334617,0.000139326177304611,0.0617142653916474,0.04,0,0.0560346,0.139292674591883,0.0620094864705539,0.109366116894816,0.058052046025833,0.0613358511884106,0.0812438467173454
"SNU349","KIDNEY",FALSE,TRUE,TRUE,0.995192307692308,0.850961538461537,0.13571539309227,0.0464954602118491,0.224810533909906,0.00907615572214127,0.057995876469858,0.052,0.2,0.0229396,0.0733190776734502,0.0341014691335289,0.0818198386515456,0.0577474909790181,0.0739389540752663,0.0823046038399103
"HS281T","BREAST",TRUE,TRUE,FALSE,0.615384615384615,0.293269230769231,0.113389275199858,0.0431816962941668,0.256877056342963,0.000398097326979041,0.0654225627414412,0.052,0,0.0207605,0.104342192082187,0.0251163607738161,0.0459140694567933,0.0576951876088418,0.0635018786578914,0.0652768366526876
"HLE","LIVER",FALSE,TRUE,FALSE,0.850961538461538,0.591346153846153,0.094711903509658,0.0533094995691853,0.236168810667076,0.000517987180501223,0.0425119684473317,0.048,0,0.0265728,0.0677804989118681,0.0323008334384973,0.0588611707802862,0.0576546583634803,0.0583375789827184,0.0597482853731232
"MOGGCCM","CENTRAL_NERVOUS_SYSTEM",TRUE,TRUE,FALSE,0.0432692307692308,0,0.114927036889127,0.0266074329266317,0.288268581209057,0.00120630988385528,0.0697425810141269,0.052,0,0.0189456,0.107528770589721,0.0200564405420987,0.0829104941853821,0.057260781432301,0.0623278258104085,0.0693678349602084
"GRM","SKIN",TRUE,TRUE,FALSE,0.533653846153846,0.25,0.114206459802218,0.0308672454579652,0.240441231185003,0.00518239894881845,0.0433919480144473,0.054,0,0.0098253,0.0711982901050151,0.00992121069680599,0.0476883335490013,0.0570661053018079,0.0593758901663413,0.0571664933251865
"SW1116","LARGE_INTESTINE",FALSE,TRUE,TRUE,0.889423076923077,0.966346153846152,0.158982012945413,0.0141525617208906,0.175780275226373,0.0257470440119505,0.0435877283186843,0.058,0,0.0060189,0.0255196694760308,0.00917340155276575,0.0680016472510028,0.0568555547193076,0.0753851381660597,0.0551695333375753
"OC316","OVARY",FALSE,TRUE,FALSE,0.158653846153846,0.0721153846153846,0.079598972915071,0.042624776333848,0.233312584039158,0.011356177739799,0.0467255130133322,0.046,0,0.0225313,0.0742950127571961,0.023312358590157,0.0581452880891256,0.0568330565983177,0.0496371105017427,0.0572593961982883
"KPL1","BREAST",TRUE,TRUE,FALSE,0.740384615384615,0.466346153846153,0.121857548140559,0.0206561592091915,0.235007166708456,0.00202034506946802,0.0435877283186843,0.052,0.2,0.0117714,0.0703306638456056,0.0158387563851486,0.0971657930488645,0.0567406185539487,0.0632321015085691,0.0761698677529612
"HS343T","BREAST",TRUE,TRUE,FALSE,0.456730769230769,0.225961538461539,0.110159301999926,0.0457992522671954,0.265868956121336,0.000384984916308895,0.0654225627414412,0.048,0,0.0215504,0.109958926433455,0.0248587619392718,0.0454729759255368,0.0566427179260641,0.0610060213130659,0.0657788355064309
"T173","BONE",FALSE,TRUE,FALSE,0.240384615384615,0.0961538461538461,0.0793359149719725,0.0696005829786437,0.252930748991963,0.00303570716641843,0.0717367450754947,0.038,0,0.0380558,0.107639596620298,0.0435733903705035,0.0475910992033528,0.0561530630610286,0.0536364351141587,0.066253006427218
"HS819T","BONE",FALSE,TRUE,FALSE,0.293269230769231,0.211538461538462,0.0835763033437626,0.0491558250731058,0.235467518013838,0.000510062673129141,0.0486266056526079,0.042,0,0.0256296,0.101663687823129,0.026015157064871,0.0483584928959379,0.0558162283118345,0.0505304868028779,0.0590269205888534
"JHH2","LIVER",FALSE,TRUE,FALSE,0.711538461538462,0.490384615384615,0.0903609235758133,0.0328175871541547,0.22071035632464,0.00133609864860773,0.0353140741827984,0.046,0,0.0137315,0.0893154021558153,0.0120605477876073,0.0466557461872442,0.0556798350697258,0.0494738237878069,0.0533427611441703
"ALEXANDERCELLS","LIVER",FALSE,TRUE,FALSE,0.649038461538462,0.432692307692307,0.0860993276672144,0.0698043718155654,0.244570446724313,0.000950722664128989,0.0430931470523571,0.038,0,0.0355155,0.0735162290751534,0.0394906859139682,0.0451274690876816,0.0556571213781545,0.0545300045270609,0.0604888481465844
"HUH7","LIVER",FALSE,TRUE,FALSE,0.663461538461538,0.322115384615385,0.0838682091778078,0.0792827201321427,0.259173190792678,0.00223628315143287,0.0467255130133322,0.036,0,0.0411446,0.0930503278327207,0.0459647010357274,0.0448396968852793,0.0556552121141752,0.0552776367378451,0.0648629300671647
"HS274T","BREAST",TRUE,TRUE,FALSE,0.586538461538462,0.254807692307693,0.109048610746867,0.0664418455714986,0.2856424691719,0.000406166160246357,0.0717367450754947,0.038,0,0.0349785,0.114506107147163,0.0453666511375401,0.046568126044786,0.0554579897330394,0.0641384206281359,0.0717147408782055
"HS675T","LARGE_INTESTINE",FALSE,TRUE,FALSE,0.451923076923077,0.144230769230769,0.0847293247497792,0.0678541020867277,0.258622800214852,0.0124184042215347,0.0491965317634817,0.036,0,0.0375978,0.111476507662404,0.0408760002230767,0.063221907537505,0.0552518401723074,0.0538684416576187,0.0670087430991759
"H4","CENTRAL_NERVOUS_SYSTEM",TRUE,TRUE,FALSE,0.1875,0.129807692307692,0.117399905840705,0.0235624815000404,0.282041690872915,0.0134101994335651,0.054856353816001,0.046,0,0.0145869,0.136417529635743,0.0132654105942437,0.0516897027025283,0.055020378869137,0.0588884388116497,0.0667029993905022
"OCUM1","STOMACH",FALSE,TRUE,FALSE,0.0769230769230769,0.120192307692308,0.0747300459405369,0.147479796108624,0.314590611541056,0.000792281702160835,0.071025287220889,0.016,0,0.0961729,0.149720631615197,0.105802097468589,0.0829474832704059,0.0549071642526484,0.0655107144697087,0.0907445395069089
"HS742T","BREAST",TRUE,TRUE,FALSE,0.591346153846154,0.427884615384615,0.12828114587028,0.0224611475505325,0.219483373882576,0.000590393261518329,0.0428862330837455,0.046,0,0.0106188,0.0955475649188109,0.0112830418344418,0.0472426129250353,0.0545755510265115,0.0618547292349071,0.0569865071991045
"MOGGUVW","CENTRAL_NERVOUS_SYSTEM",TRUE,TRUE,TRUE,0.817307692307692,0.562499999999999,0.139481192834884,0.0151385781707011,0.253968340490946,0.000288903480395675,0.047887330683499,0.048,0.2,0.0081206,0.115110613743818,0.00717206082849239,0.0747266787977463,0.0545058333719987,0.064884417887792,0.0791757346377132
"SCC15","UPPER_AERODIGESTIVE_TRACT",FALSE,TRUE,FALSE,0.0144230769230769,0.528846153846153,0.100619450886052,0.0245029329542391,0.196670466747912,7.33680208213627e-05,0.0353140741827984,0.042,0,0.0113128,0.044750892899496,0.0145801583670557,0.0406222040457611,0.0544972059705817,0.0523998697510359,0.0474879556789041
"HS939T","SKIN",TRUE,TRUE,FALSE,0.173076923076923,0.00480769230769231,0.0921012495878287,0.0760028438738938,0.312808890655804,0.0011661141179502,0.0595616237594967,0.034,0,0.0371184,0.129154619585151,0.0393147422835478,0.0723575885890585,0.0543935131099321,0.0551386639571255,0.0740860191938299
"NCIH2347","LUNG",TRUE,TRUE,FALSE,0.384615384615385,0.177884615384615,0.0833716015124791,0.0626942343337031,0.232339701530587,0.00160356005653739,0.0528417048651854,0.034,0,0.0350276,0.0865111596718854,0.0311810418589764,0.0398049831301125,0.0540369303400996,0.0495175477904852,0.0586869280838501
"KCIMOH1","PANCREAS",FALSE,TRUE,FALSE,0.182692307692308,0.235576923076923,0.081743522085962,0.0571686197915552,0.234781972610295,0.0382073521614075,0.056858092983623,0.032,0,0.0315838,0.0795732269144697,0.034327330783258,0.0596538508966907,0.0537771520645318,0.0493569509564067,0.0622332208652461
"KYSE270","OESOPHAGUS",FALSE,TRUE,FALSE,0.548076923076923,0.389423076923077,0.0897788449432688,0.0426035865609196,0.231570446244805,0.000450015446403995,0.0430931470523571,0.036,0,0.0190571,0.0685970308920943,0.021666843813811,0.047165501537308,0.0537053811316147,0.0491485629190266,0.0540643431185853
"CORL23","LUNG",TRUE,TRUE,FALSE,0.197115384615385,0.264423076923077,0.0801743187667953,0.0494848452253674,0.236895913390066,0.000491020968183875,0.0430931470523571,0.034,0.2,0.028012,0.0964389500913216,0.023671903274479,0.0478599244973491,0.0535788920787249,0.0459487406804248,0.0722807427711592
"C3A","LIVER",FALSE,TRUE,FALSE,0.466346153846154,0.307692307692308,0.0872043487371716,0.0662961369774854,0.251468895915421,0.000334966083755717,0.0473614454406475,0.032,0,0.0334882,0.101128235458948,0.0326385490915592,0.0464085277664571,0.0535081982024511,0.0506142992762436,0.0617270617653954
"RT11284","URINARY_TRACT",FALSE,TRUE,FALSE,0.0721153846153846,0.379807692307692,0.0925307967793553,0.0364912890850126,0.229736160716543,0.00154905894305557,0.0576235934023582,0.034,0,0.0230183,0.0636607791375481,0.0261944683079735,0.0571325156210687,0.0534291830452264,0.0509084216957763,0.0558672743641475
"T3M4","PANCREAS",FALSE,TRUE,FALSE,0.4375,0.985576923076921,0.151287555050409,0.0127199128268032,0.165916892868603,0.00280652637593448,0.0424040189460226,0.044,0,0.0056091,0.019341104372636,0.00856936793133609,0.0426222839772448,0.0532247504528417,0.0679523076605817,0.0474195246509548
"HS606T","BREAST",TRUE,TRUE,FALSE,0.677884615384615,0.384615384615384,0.121420589986336,0.0510157711764248,0.262208258161391,0.000320975377690047,0.0480321757792294,0.036,0,0.0238801,0.109879683457783,0.023805107531202,0.0448960270826406,0.0530122388596326,0.0604085658391793,0.0642214994808853
"CL14","LARGE_INTESTINE",FALSE,TRUE,FALSE,0.903846153846154,0.961538461538459,0.156533944417402,0.0252566660972424,0.205033845147848,0.000957907934207469,0.0481324610112692,0.038,0,0.0142299,0.0251012893369203,0.0247881702145997,0.0700450730547497,0.0526733403854619,0.0731073715440005,0.0564507668572078
"NCIH1648","LUNG",TRUE,TRUE,FALSE,0.0625,0.894230769230767,0.137442516164358,0.0148151717296006,0.170860308779804,0.00384172075428069,0.0388431460235684,0.04,0,0.0082605,0.025079418690371,0.00992149120537273,0.04037569716564,0.0526427290032804,0.0624546691232437,0.0465028745107323
"HS934T","SKIN",TRUE,TRUE,FALSE,0.447115384615385,0.110576923076923,0.107801310704748,0.0462347334175514,0.256630845695056,0.000593871169257909,0.0854911651770901,0.034,0,0.016534,0.104579527320274,0.0171809115773915,0.0469195482884459,0.052380771711621,0.0529940740940464,0.0631800583965755
"AZ521","STOMACH",FALSE,TRUE,FALSE,0.802884615384615,0.495192307692307,0.0926722300278322,0.0500900350630563,0.261308585465923,0.000652102055028081,0.063048696501707,0.03,0.2,0.0296844,0.138626526712273,0.024367558450458,0.0725043767822645,0.0522507333377369,0.0490132628260967,0.0818629620940289
"59M","OVARY",FALSE,TRUE,FALSE,0.509615384615385,0.350961538461538,0.0994117339752019,0.0515207066061211,0.246114570255232,0.0031443196348846,0.0578586076164032,0.028,0,0.0296705,0.0581200626862387,0.0332602702840864,0.0464882617554889,0.0521841033790672,0.0535573347530961,0.0584100362266015
"CAOV4","OVARY",FALSE,TRUE,FALSE,0.673076923076923,0.403846153846154,0.0899586259484516,0.0422788075937646,0.218255144935944,0.000627205998171121,0.039031348728906,0.03,0,0.0183678,0.0781834899858623,0.0185458074843806,0.0475699251696391,0.0519125284202436,0.0461681444776108,0.0523768329802288
"BFTC905","URINARY_TRACT",FALSE,TRUE,FALSE,0.0576923076923077,0.663461538461537,0.137355951969834,0.0416732597657384,0.228867537639514,0.00095090753166005,0.0388431460235684,0.03,0,0.0250652,0.040777064674393,0.0359077126913273,0.0460569814802867,0.0518929733566322,0.0677545548870538,0.0573188684630776
"OVKATE","OVARY",FALSE,TRUE,FALSE,0.625,0.552884615384615,0.0991743537507309,0.0573205607904753,0.236678879613494,0.00081933505134657,0.0570901742890554,0.026,0,0.0291111,0.0552218532795782,0.0327469861857327,0.0566483909317581,0.0516407126055405,0.0526404466454879,0.0580840610110154
"NCIH292","LUNG",TRUE,TRUE,FALSE,0.653846153846154,0.336538461538461,0.0927479023525362,0.040718619149956,0.21624191940763,0.000573843019083142,0.0391258051123205,0.022,0,0.0245205,0.0783321502413868,0.0263394493344928,0.057349944031396,0.0503539817540503,0.0470291172290096,0.0534871716639893
"TT1","Unknown",FALSE,FALSE,FALSE,0.283653846153846,0.451923076923076,0.0977517175191787,0.0289605741491727,0.214913257332721,0.000745139084756374,0.0524814019770849,0.024,0.2,0.0135081,0.0539704448308954,0.013281247120015,0.0414588852326114,0.0498397166855373,0.0450109882130645,0.0643016517034644
"SW837","LARGE_INTESTINE",FALSE,TRUE,FALSE,0.100961538461538,0.629807692307691,0.106612869948839,0.0295906377622248,0.19660935778839,0.000732206040993333,0.0434214193023851,0.024,0,0.014471,0.0445244855943206,0.0161481879927574,0.0387185649413468,0.0498106574405189,0.0489203526471989,0.0471969030353058
"SW900","LUNG",TRUE,TRUE,FALSE,0.408653846153846,0.908653846153844,0.124448585562026,0.0481257809412583,0.217821682599243,0.00227162265218794,0.0475465477853681,0.018,0,0.0296454,0.0330922883584554,0.0411424538894428,0.041595368910504,0.0495663609299479,0.0611970131504897,0.0549579311368403
"RERFLCKJ","LUNG",TRUE,TRUE,FALSE,0.524038461538462,0.817307692307691,0.135273272979605,0.0142159062794348,0.184243025486181,0.00429294817149639,0.0388431460235684,0.022,0,0.0095242,0.0358394823139426,0.0121384881413436,0.0413806012373107,0.0483484979799581,0.0564705870403163,0.0463515504348583
"SW480","LARGE_INTESTINE",FALSE,TRUE,FALSE,0.600961538461538,0.855769230769229,0.131671520256045,0.0186341250046048,0.198576795483899,0.00446501281112432,0.0385027456848628,0.02,0,0.0094474,0.0327726930003385,0.012384554441749,0.0628765737585781,0.04797366102412,0.0546853582325978,0.0486146492075323
"NCIH3255","LUNG",TRUE,TRUE,FALSE,0.346153846153846,0.793269230769229,0.125184092769293,0.0203460752987092,0.179321579099247,0.000762436655350029,0.0524814019770849,0.018,0,0.0114955,0.0373993643120328,0.0124658852699617,0.0380164256302121,0.047660309595943,0.0518833260130848,0.045770492047763
"TEN","ENDOMETRIUM",FALSE,TRUE,FALSE,0.269230769230769,0.557692307692307,0.105452772712126,0.0124266888108523,0.173769098126293,0.000236412466620095,0.0468313739949937,0.014,0,0.0053203,0.0473023134353815,0.0051971870574349,0.0441774078815871,0.0467266424884749,0.0415499865898536,0.0417684756587397
"SNU1197","LARGE_INTESTINE",FALSE,TRUE,FALSE,0.168269230769231,0.586538461538461,0.102060692086707,0.0386982173157349,0.21661514738952,0.000895031727850437,0.0430931470523571,0.002,0,0.017791,0.0454844142385052,0.0227943044418078,0.0390517606322603,0.0451591904632462,0.0422849988428383,0.0473790695531406
"PANC0213","PANCREAS",FALSE,TRUE,FALSE,0.302884615384615,0.692307692307691,0.115422132746766,0.0198611355513734,0.187994270219122,0.000659435812849551,0.0475465477853681,0.004,0,0.0090046,0.0369022440287395,0.0121921536310602,0.0467358841027361,0.0446557062668961,0.0438714287926089,0.04375734914904
